BWEIGHT,ID
7.0237128964075,1
7.3326984990914665,2
6.294405266965247,3
7.345602249193441,4
6.693379083617336,5
7.150187679562772,6
6.8062684823714354,7
7.409050738655385,8
8.150770996320166,9
6.602496655369522,10
8.22482547136769,11
7.499435333250147,12
7.7422722300788775,13
7.133702727390575,14
5.1176052324643,15
6.343169919803528,16
7.726624627775165,17
7.04876268338447,18
6.205205894072448,19
7.6335087622774145,20
7.953506956103756,21
7.227947029539657,22
7.966097800125483,23
7.642373736474338,24
7.139363962121572,25
8.335220259271232,26
7.01026078113525,27
7.311576368400744,28
7.886366715701068,29
7.529991622539934,30
7.902255701539057,31
7.511620446085096,32
7.061617907421149,33
6.945495951261347,34
7.595736375393581,35
7.425192604171502,36
7.474819504735959,37
7.153859780745836,38
7.9067943793064375,39
7.022902933626642,40
6.815399357647947,41
7.630570984799786,42
6.5401441061584835,43
7.915365139762277,44
8.448562676003366,45
6.490626014028199,46
9.2937984652573,47
7.985558941775484,48
8.312993444245276,49
7.827935064864797,50
7.450863915496348,51
7.471367924237646,52
7.278859766489865,53
7.13594754826329,54
7.577922777125852,55
7.1059776616661265,56
7.51574202589106,57
6.466445413525093,58
6.633362819965803,59
7.432332580875859,60
7.416898779159436,61
7.346080051905518,62
6.628808113162685,63
7.349273273980489,64
8.387307474091298,65
7.156890658588519,66
8.29606520201872,67
7.602383268714491,68
7.1419601706081925,69
7.7419428019039875,70
7.759978391486759,71
8.102460748183788,72
6.833951819417432,73
7.552577740391176,74
5.989437220246406,75
7.0812338569553335,76
7.938350774419582,77
6.488693312583144,78
6.41645818660598,79
7.176758678686103,80
7.756851951716254,81
7.8438537306905,82
7.470108371937383,83
7.737970753860583,84
6.141644562405038,85
7.012548636893,86
7.128482579873622,87
7.772724962118583,88
7.120954342395664,89
7.29077615525986,90
4.473667176475156,91
7.130766484583014,92
8.449935636699578,93
7.647282389147901,94
7.009296653270106,95
6.651624677048955,96
8.263898264936984,97
6.382748294190146,98
5.75837297823741,99
7.611425727287586,100
7.444375192170091,101
7.46212351527176,102
7.2972544109074,103
8.133570096342527,104
7.280525770758326,105
8.882436675411348,106
8.317222900456898,107
7.363571193285835,108
7.520030240817753,109
6.971649432549795,110
7.2594463431374505,111
6.854579852456863,112
7.142500098852895,113
6.240469588973574,114
6.992040616155227,115
8.10875446489209,116
7.524491017392665,117
8.354035031005488,118
7.754701093322361,119
7.764896881756349,120
6.863152602582471,121
8.09557377281736,122
6.76469568295918,123
7.283582751479959,124
7.408167744341861,125
8.279276083537383,126
7.66136585433684,127
7.817517457192078,128
7.363215302883584,129
5.888363065963758,130
7.21954265166833,131
6.342769168496019,132
8.424591377507369,133
6.987260190273811,134
7.74809244481023,135
5.172759435368072,136
6.922124717744668,137
7.378783293429062,138
7.377383728178606,139
8.011844627480986,140
6.299763659521926,141
6.874052714860935,142
7.295143115409981,143
7.489542831497366,144
5.696382790662681,145
5.522174027768501,146
8.096282213691552,147
8.160705182930684,148
7.1746101119414805,149
6.522411579369154,150
7.866712316560874,151
6.906454027314532,152
7.431140043958156,153
6.954804635033191,154
6.884354955239783,155
2.0037366531156975,156
6.509426095192155,157
7.873561421797141,158
7.433529860326961,159
7.735249690564575,160
7.399060297389087,161
8.23588182111357,162
6.989178078618839,163
7.611241154386049,164
7.967774080181836,165
6.940713909240174,166
6.929610489791069,167
5.0048391887103945,168
7.488157462610917,169
7.440141157803212,170
7.454652859179066,171
8.997385870646632,172
8.078523558313364,173
7.516411410286461,174
7.9759253497794775,175
7.820743487041045,176
7.176103570834887,177
7.283358984115734,178
2.2296969573627132,179
7.435279621937416,180
7.44247034994548,181
7.180802276034602,182
7.2172122268146905,183
7.467093084580196,184
7.9224091294350805,185
8.354459860236414,186
7.930344260357253,187
8.408709997549767,188
8.487598076445423,189
8.240507611136294,190
7.642312801250852,191
6.245922876747955,192
8.055946793548088,193
6.208650460732481,194
7.409325451675348,195
3.412590180673557,196
7.232785288049427,197
7.375526076042088,198
7.671827421414256,199
7.046173738526192,200
8.034306009986754,201
7.245732294481882,202
7.018760317044035,203
7.318527910167853,204
7.891388678022435,205
7.643894683283269,206
7.149879169547277,207
7.3152166423386165,208
7.629728617548023,209
6.4190085443678795,210
6.993057110151761,211
7.325342066637453,212
7.80813689691773,213
7.703909627308101,214
6.680752154431004,215
7.4184657886894145,216
6.3791957735457325,217
5.310026467709316,218
7.490051939173129,219
8.092146420431497,220
7.467470691288752,221
7.686545106913772,222
7.328676220824469,223
7.736216910148552,224
7.266580302846532,225
5.94032231470642,226
8.761255687027042,227
6.984139147211375,228
6.907726494067956,229
7.365020752870229,230
7.853800383999329,231
8.011171934613753,232
6.801206634830973,233
7.013329898117074,234
7.790003690459035,235
6.124059097721475,236
7.7837888937355855,237
6.449896039036674,238
7.886959991871952,239
4.851115972658804,240
6.738102126368685,241
6.789847437240851,242
7.957183645956337,243
6.900701695553505,244
8.70998485327955,245
6.8140376666250875,246
7.552835634262936,247
7.244929020292338,248
7.767942387334906,249
7.480771129799247,250
6.46565550986283,251
7.478704701774915,252
7.828069533364062,253
8.275355737148846,254
7.7043346025862265,255
7.370063649786318,256
7.919520949657833,257
5.684669055988448,258
7.086144130181844,259
7.596043441096083,260
6.872598050246187,261
7.501707348147934,262
7.188579245452403,263
6.712978363331049,264
7.883950038215963,265
7.195361664656045,266
7.147299036632753,267
7.262950207729712,268
7.129899841314015,269
8.044262925456163,270
8.289862199054767,271
8.003910446656192,272
7.535825011344648,273
6.900221647922684,274
7.800837578380267,275
7.102214312042469,276
7.011464964109311,277
7.736708318544983,278
5.893945169575351,279
8.27313471943694,280
7.9019589888882775,281
6.945985376467974,282
7.6613801821475205,283
8.406206347345684,284
6.680873415262885,285
6.214488918857637,286
7.639671090030764,287
7.8861078547964025,288
7.2685764568646105,289
7.668297269533345,290
7.707887696878726,291
7.5166126619206315,292
8.564172847478478,293
6.345985507749805,294
8.1471402202976,295
6.2674201334929895,296
4.76023584403526,297
7.2051326521811925,298
7.611321930626768,299
8.252196489687062,300
7.082949107261126,301
7.561664402105994,302
8.069364461647567,303
7.1566398482120475,304
8.781163121463145,305
6.787123497662322,306
8.03806076513969,307
8.144087655822513,308
7.441261904378849,309
6.945604125492523,310
6.124027271096863,311
6.640345974171702,312
7.914559645462368,313
7.397031415291186,314
7.454614812998151,315
8.376012457331921,316
6.62615378438383,317
7.5174049235767155,318
7.768123400729617,319
7.230154080529355,320
6.786524673490352,321
8.003691350428408,322
7.779332274057508,323
7.835013530147154,324
7.677772932579125,325
7.243198060872767,326
7.916993437460801,327
6.670700690487721,328
7.970062968636104,329
9.097226307413493,330
5.891190541669364,331
6.926521094690728,332
6.0704259926826625,333
8.463112802171572,334
8.337035216643795,335
7.7913508007785355,336
8.289175625596666,337
7.331841588971199,338
6.865448453704034,339
8.35624869275281,340
7.26197177577052,341
7.05908592506342,342
7.667873836039386,343
8.297935109388643,344
6.862218436679062,345
6.75268678985251,346
5.616267804430717,347
8.170296170862478,348
4.535769417648644,349
8.035628994079808,350
7.219029226476716,351
7.87000354846013,352
7.730511976663224,353
7.345196912160364,354
6.825325284967161,355
7.13318717005848,356
7.091824590030179,357
6.80135546730468,358
7.210702803397653,359
6.7858543473716795,360
6.568314078832585,361
7.049813280982108,362
7.170327387275152,363
6.969284778635873,364
8.907815730989526,365
6.926078616404262,366
6.799535044522298,367
6.070771296867631,368
7.590831826378149,369
7.256630567190823,370
7.765556450489744,371
8.180604847235951,372
7.295074934528089,373
8.156458096429326,374
7.891890045722762,375
7.942877803198127,376
8.258393403200724,377
7.984955433335418,378
6.59103695779944,379
7.252343712094851,380
7.65281176122584,381
8.362139157105265,382
8.211278899490576,383
7.033733558079477,384
7.217170152318485,385
6.624493168013665,386
4.7354770318771875,387
6.626422714196171,388
7.612373758383204,389
7.998786514170569,390
7.773216976361943,391
7.0283809787151155,392
7.4080113492514,393
6.577584835938274,394
7.796175331445421,395
7.524734700252227,396
7.084161204573852,397
7.436815314105574,398
6.978675515202519,399
7.120768914406569,400
7.712274506117306,401
7.408876750956108,402
8.259891947171408,403
7.587410869537927,404
7.959913916119084,405
6.641231082894383,406
7.576649451282498,407
7.5686162818955145,408
7.447119963765787,409
7.648855913100717,410
7.844205050700846,411
7.383752477628184,412
7.307612120836494,413
7.563373199720359,414
7.686603784045048,415
7.684311827084556,416
7.457237892115761,417
7.242853247680343,418
7.053877975278842,419
8.104134889214503,420
5.131104449286167,421
9.348190068419111,422
6.827908128090338,423
6.865208357416219,424
7.787456339016603,425
6.930165144391716,426
6.429632141876481,427
7.155049617679297,428
7.377372141546338,429
6.56366267931996,430
7.265610695957117,431
7.4900238017296425,432
6.842771109959169,433
6.391328534690827,434
7.517778859488909,435
7.151167763664653,436
8.597502330275002,437
7.146722891944759,438
7.693361205973855,439
7.1941980068758555,440
7.931342142980422,441
7.946261307399895,442
7.665942688454241,443
7.910043725989081,444
7.260737661111318,445
8.981050809339521,446
7.033703952916453,447
4.643744048725742,448
6.412749740040787,449
7.003613963438714,450
7.456627703174358,451
7.468465653768596,452
6.885550119595943,453
7.835789193539376,454
6.73575911353637,455
7.388767504329155,456
6.975295372026511,457
7.063379922130538,458
6.380487718269271,459
7.214069346296262,460
7.724050149317766,461
6.831378047499945,462
7.712079028344106,463
7.87768850549118,464
6.503382564966246,465
7.44164619366352,466
8.041307418821013,467
7.24609923932183,468
7.506971957185585,469
6.422705301769944,470
7.387573528823007,471
8.387205384221048,472
6.793916936238193,473
7.311373435897701,474
6.433125923146018,475
8.071139058012605,476
5.295232037112533,477
7.512732549265421,478
7.442964371069299,479
7.855866124899912,480
7.511579805821346,481
7.667535381598209,482
7.768720873826669,483
7.211172024132407,484
6.962964599683146,485
7.193337013741751,486
7.625374436648902,487
8.65196444304934,488
8.204372349632791,489
8.100136295930966,490
7.900559056047556,491
7.229919622322767,492
7.372659866635806,493
5.349484037872153,494
7.475351285756266,495
7.266351684053075,496
6.642623974703475,497
7.150438147999211,498
8.705537138498734,499
7.1058184663707165,500
8.372137079426498,501
8.605275290640389,502
7.568085631330603,503
6.437671311450848,504
7.519773655499169,505
6.962272638031991,506
7.803123157335471,507
7.079331922482857,508
8.037421241981185,509
6.487739161640394,510
6.822932597821208,511
7.266851003950255,512
7.8828897914494656,513
7.588116075941607,514
7.801445893460699,515
7.2639510984349505,516
7.519875591369481,517
6.247313103002253,518
7.584082143185786,519
7.625380918538238,520
6.999543264610614,521
7.6143561792463474,522
8.511111881163657,523
8.05737015407274,524
7.555678668358058,525
6.004169928001111,526
7.572621441661641,527
7.135356087885552,528
7.404525120756756,529
7.621658917369051,530
8.904826469564433,531
8.5931456510971,532
7.699269667765139,533
5.971591190384944,534
7.702813228056683,535
6.179005641775386,536
7.41138159248193,537
7.025583184742856,538
8.409718379672473,539
6.999218159285802,540
6.587471945929834,541
7.5189433015880445,542
6.921374933774291,543
7.532385129332428,544
8.007015228484342,545
7.364192809007059,546
6.509356191438521,547
7.670052893904766,548
7.145227913279144,549
7.050265291667132,550
7.497109825102181,551
7.46466676866051,552
7.533178598465182,553
7.396404568930309,554
7.947696289950387,555
7.679268492651823,556
6.562891557912722,557
6.897776331495126,558
5.696809479673482,559
7.046968816544518,560
6.910671079382191,561
7.152765083054363,562
7.648238985195531,563
6.504104588224773,564
7.948772602936917,565
8.243582664115117,566
8.163699587614122,567
7.633093711569491,568
5.810721946352383,569
8.330098503950964,570
7.491248583027239,571
4.932036399439878,572
7.191095953591804,573
7.438331450784259,574
7.3460572175091885,575
8.225452214874458,576
5.199368930956299,577
8.254537375040226,578
7.201278830346049,579
7.7401739157890495,580
7.216624740509437,581
6.376999721503977,582
7.350948543966642,583
7.012058572448667,584
6.811571198249587,585
7.82938945083293,586
7.310656880384593,587
7.72999496494482,588
7.86676546418841,589
6.498115131846871,590
7.800908863270169,591
6.86730743573436,592
7.599887212264799,593
8.756692676530054,594
6.805217327512092,595
7.5075702004854525,596
7.358921531678125,597
7.606279602868807,598
7.873649496776374,599
7.353750685005795,600
7.003903873897566,601
7.460016063882805,602
7.62077956401298,603
7.450324299204818,604
7.667296416098234,605
7.59679044906624,606
7.905322828526553,607
7.120871220048879,608
7.598672887285056,609
7.005093467677631,610
6.803050626552873,611
7.7838132107693,612
7.303062115362406,613
7.080764295856299,614
7.631543337114601,615
1.9782255841720096,616
6.288762160728099,617
6.420402880450857,618
7.593001605838059,619
7.789566757488729,620
7.363454855070651,621
5.813712941879609,622
7.152137427598087,623
7.59734650628882,624
5.723683554487811,625
7.324985208549037,626
7.500736737231519,627
7.53984373893567,628
7.130400458634244,629
7.218007358089113,630
8.740716056409635,631
6.991966536559885,632
8.016619862274407,633
7.5965141994049725,634
7.213589970267466,635
7.4382224249321665,636
7.409857757426614,637
7.344011054161114,638
5.8712957485161335,639
7.459371786037983,640
6.057102298926854,641
7.754130124479631,642
7.807862147662537,643
7.072648731685393,644
7.203087706506454,645
7.642749163152366,646
7.969623607692491,647
7.9369358032136885,648
7.6722936759248315,649
8.841602944695936,650
2.087223454893887,651
7.06503021797267,652
7.116740021469238,653
7.3937524046871035,654
7.1459112876464035,655
5.940745215810167,656
7.112279096317105,657
7.503282292795245,658
7.704895806323155,659
8.053740115388972,660
6.3757072237755805,661
7.034940371880865,662
6.7175335038723984,663
7.875759110127828,664
7.727303197831959,665
8.406018337066254,666
6.591052848608837,667
7.892739253034663,668
8.214564909262837,669
6.851897151901308,670
7.933095088711849,671
6.46326367105615,672
5.523506496456233,673
2.2445666825581574,674
6.963438886767498,675
6.879371450491933,676
7.3077435296638855,677
8.030035601703343,678
6.8438881205705515,679
8.123723611581052,680
8.173679250669167,681
7.519400969237437,682
7.115330754328363,683
7.004292590508082,684
7.679264502160341,685
5.49821892043505,686
7.238076231884272,687
8.287174233899314,688
8.19065037561056,689
7.728730546825489,690
7.394135340743962,691
7.364111754279816,692
7.955865515943125,693
5.929384359658374,694
8.262885824069215,695
6.3487715534878175,696
7.999328158115049,697
7.830479276426725,698
6.737748701889463,699
7.379468111508834,700
7.563013161893216,701
5.547189374998456,702
7.529043682684086,703
6.599358095305543,704
7.469060142415395,705
8.966114834792258,706
7.62506661385981,707
8.187288215137201,708
7.514286936211401,709
7.5897019464153805,710
7.0469093643451535,711
7.401554852162664,712
6.86394210478318,713
7.171303947308091,714
7.035211889282841,715
7.582175941547919,716
7.144985556986186,717
7.373704375892122,718
7.086775427209502,719
7.6181104336011325,720
6.602026931532879,721
6.059491219971531,722
4.813724093603795,723
7.31614829674258,724
4.522145521620094,725
7.528663566092352,726
7.878292791768099,727
7.745887825670018,728
7.2924698610773655,729
7.6887163028385315,730
7.686441155363618,731
8.110942210697626,732
7.676603591935323,733
7.733452323196484,734
8.109145335048332,735
4.86007707264572,736
7.300579177265777,737
7.735780410438985,738
8.023738343931925,739
7.184142164326093,740
6.945059521939226,741
7.361059237327965,742
8.052401020931377,743
7.797955741005647,744
6.307403213033745,745
8.14978207813046,746
6.942406733673578,747
7.537750680249551,748
7.718268981275201,749
8.54939303154391,750
7.22805636575922,751
8.048406297063899,752
6.704178553591432,753
7.85514418230239,754
7.46636447732794,755
7.729796838227188,756
6.6908662548982685,757
7.315263765029646,758
6.82035468462604,759
7.668662300924157,760
6.823270826072673,761
6.683041472274115,762
7.033709244855433,763
7.463072793425778,764
7.545624901093595,765
7.962444477820754,766
7.83334143731783,767
7.576596566151269,768
7.7713100599183145,769
6.442996285443429,770
8.233457644987023,771
6.893959312848955,772
6.621094175445481,773
6.883784578465016,774
6.015581784980937,775
7.518490497152832,776
7.627535716654331,777
7.212351606085293,778
7.072485134034657,779
6.44117614444012,780
7.552180963624408,781
8.18729466117134,782
7.980880875230455,783
7.960984406371657,784
5.589698534044692,785
6.937187145326015,786
5.852038340543696,787
8.069848509178843,788
7.843639756564529,789
5.821281754348784,790
7.667887822603398,791
6.486439122743007,792
7.547206651972625,793
7.616615043372858,794
8.29807447559877,795
7.590890313588592,796
7.341078778315375,797
8.126786815804657,798
6.957185614554855,799
6.354776934967654,800
7.05408419655484,801
8.015924633699601,802
7.264548967608838,803
8.122794823849095,804
7.809406560447704,805
7.563507421544261,806
6.004593462664851,807
7.6564935440844435,808
7.948421084986362,809
8.623431917258475,810
6.811173915554719,811
7.7880144356341345,812
7.950733309110189,813
7.952027082211878,814
6.491119356384087,815
6.402892290410461,816
7.350487634809023,817
5.984547975881857,818
6.653854352894668,819
7.411161799805533,820
8.219815391950291,821
6.695301124512144,822
6.461179056975365,823
7.677451859306124,824
7.35591261744177,825
8.137185959406864,826
7.4160514941221765,827
7.700919161243127,828
5.079893132727011,829
8.345192432589872,830
7.771183761315142,831
6.486935925289905,832
7.645161010805336,833
6.883699676775156,834
4.36718370366578,835
7.701404745443768,836
6.854809321255856,837
7.6673898216989285,838
8.05978645982416,839
7.497086937135474,840
7.110213900472698,841
7.473224050714395,842
7.392014569306093,843
7.054156931661246,844
7.816183969730921,845
6.88173655213675,846
7.408915125335311,847
7.3049395640603825,848
6.918781669804427,849
5.461868716078409,850
7.121739174228725,851
7.164683688982305,852
7.406772823387038,853
7.454173742650618,854
7.309296444320014,855
6.578874624707651,856
6.740374266371556,857
6.220406367780217,858
7.60856070787695,859
7.274349088443693,860
7.427968844611228,861
6.350886309757684,862
7.467669357308739,863
7.025564165720904,864
7.824324519772042,865
7.734189289016787,866
6.8801732269162565,867
7.509377740376366,868
7.949175847064677,869
6.925061628183578,870
8.776394178752781,871
7.915955731670645,872
7.5375608600239135,873
7.153275205476613,874
8.327888885296769,875
6.472138129539153,876
6.6083053280769155,877
6.595104047984948,878
7.61461133276848,879
6.938552935116269,880
8.05505078991023,881
7.806478209137489,882
7.479112974447907,883
6.27957802723902,884
8.252373478280315,885
4.9501303864861095,886
7.7971656011599935,887
7.3505775622278415,888
7.86107984141655,889
7.8501558935623725,890
8.193294673633737,891
6.969544605885569,892
8.10181032577836,893
8.38742733838794,894
8.430278704586058,895
7.523467865987846,896
6.876138912549595,897
8.209212842914884,898
7.060920339713191,899
7.670054275465019,900
6.155824961687393,901
7.680558999872633,902
8.050527191936709,903
7.380348737190439,904
6.843758372400033,905
7.203450190299587,906
7.363046987431338,907
6.9336418458772,908
7.610590809751989,909
8.349983959559463,910
8.214862934354219,911
7.041359047994352,912
7.557752468005334,913
7.429732950531348,914
4.596178783513891,915
7.074217369713758,916
6.984649549953777,917
6.717621309572238,918
7.680744374482763,919
6.52057981345111,920
7.247974760831263,921
7.689143718210192,922
5.616900286001909,923
6.918965737148576,924
7.588538096644123,925
7.607028353189421,926
7.708482099873263,927
6.132854766804397,928
7.649234183357064,929
7.126175684299866,930
7.111866747970301,931
6.78946343862965,932
6.607300917798262,933
6.2872401272936385,934
6.756198910906302,935
7.730195121166752,936
7.15488024908803,937
8.068846033121638,938
7.5360250807833085,939
6.265534278771907,940
6.863119427254827,941
7.216617047773666,942
7.5942798173137165,943
7.495666072325487,944
7.67405720183232,945
7.0609693249921195,946
7.606126341214325,947
7.547926631262176,948
7.908178371013062,949
7.399168111794363,950
7.213387990363755,951
7.188642533230721,952
7.204577440138986,953
7.3276723752477375,954
6.799785510891554,955
6.753954868947976,956
6.450391774217075,957
4.927677820511703,958
6.8046180119773725,959
7.3469093483284995,960
7.542169517174568,961
4.754365808171699,962
6.287251190970632,963
6.843961754477255,964
7.684502488566527,965
7.980852759174762,966
7.074905975124472,967
7.552252652090638,968
7.86910768747837,969
7.773748264183191,970
6.419323307416655,971
7.922096932797191,972
7.922841855915936,973
6.155461724499996,974
8.127696405388633,975
7.530305410292571,976
7.670290088697413,977
7.738300277069029,978
7.088449801998483,979
7.213375070707307,980
7.000926224621037,981
7.819875296478913,982
7.168590775026423,983
7.8036740337771375,984
7.80568575707463,985
7.978036901261828,986
7.293048044272505,987
7.094780624335102,988
7.76323607138002,989
7.573245654792783,990
8.985244226458551,991
8.098145415426803,992
7.6554649574580464,993
7.1515123108762255,994
6.910064931525263,995
6.768494567682089,996
6.72767236651736,997
6.224960093268204,998
7.944595028057528,999
7.299660797496142,1000
7.720077730794844,1001
7.774806462748939,1002
7.246235137380965,1003
8.37665333081301,1004
7.551360500306578,1005
7.551874749693119,1006
7.692317178278652,1007
8.472879485119591,1008
6.880084706801445,1009
7.514718438516131,1010
7.006861747805904,1011
8.061587121316997,1012
7.579802430833872,1013
6.32737049792915,1014
6.904075010552924,1015
7.043013639291,1016
7.632786278847381,1017
6.934090123293605,1018
7.67378899176238,1019
5.512470299712883,1020
7.765522725386435,1021
6.952863719822719,1022
7.60910040091546,1023
7.7949996937573856,1024
6.631609322029127,1025
6.96606233373696,1026
7.282969440303979,1027
7.2331131701511095,1028
5.876395811592878,1029
7.365204962737425,1030
8.080442376257999,1031
7.698069649643126,1032
7.105203747693333,1033
8.895939968706159,1034
7.795852965141182,1035
7.0156397055187325,1036
7.87484804145435,1037
7.599195284569526,1038
7.2402864289035405,1039
8.126490443259197,1040
5.1289038503996816,1041
6.884357774760859,1042
8.187010052990562,1043
8.929249087782246,1044
7.568495127989078,1045
7.740898275154586,1046
6.3067344449523715,1047
7.628746138649052,1048
7.520790314454298,1049
5.891635005923534,1050
6.5570626379695325,1051
7.102447507905313,1052
6.349742285707216,1053
6.995534984424608,1054
6.344477072070727,1055
7.41051544761087,1056
5.400205448613957,1057
8.406375066478656,1058
7.095478712039118,1059
6.04840194370166,1060
7.487428202075745,1061
6.260662032340389,1062
5.601779155372058,1063
7.034396649462216,1064
7.655223148848136,1065
7.008460239429877,1066
6.298797186340223,1067
7.416652164871631,1068
6.496587645225303,1069
8.020712945286196,1070
7.530546374903612,1071
7.519396999824257,1072
6.972116400488603,1073
7.948745287299897,1074
7.3662649091564,1075
8.247433422608239,1076
6.708581680680774,1077
6.270094285319922,1078
7.3531979974354185,1079
6.521369671967773,1080
7.4079123059710446,1081
7.900181520668677,1082
7.421981495088832,1083
7.412068419622934,1084
6.1894997005308925,1085
8.183052866526683,1086
7.120529806899305,1087
7.666325079455384,1088
7.312482709398945,1089
7.645296423239846,1090
6.193197092720246,1091
7.502739691546696,1092
8.685602198563508,1093
1.1521133022470291,1094
7.8741979898546,1095
6.918140392533947,1096
6.873564852307472,1097
7.470411383885529,1098
8.203155306698129,1099
7.396314412781138,1100
7.425393808008724,1101
7.423825001697886,1102
8.155376658800687,1103
7.4983488885382785,1104
7.85101342901893,1105
7.410782803457841,1106
6.623438361329179,1107
7.593503564758133,1108
7.695957823144291,1109
4.627826438930106,1110
6.5105407999397675,1111
6.832862912175538,1112
7.252085926316586,1113
7.473563653673248,1114
7.272484982556725,1115
7.501371140088994,1116
7.554736297009565,1117
6.775388409318624,1118
7.381737031546941,1119
7.887350950516493,1120
7.767748811074861,1121
5.560261958730634,1122
7.83722623850248,1123
7.234888212897446,1124
7.808999466327372,1125
8.24673454094328,1126
7.385071377719226,1127
8.136148375716441,1128
7.706641562283548,1129
7.332046030771019,1130
7.512556281329242,1131
7.940859127346594,1132
8.978880052229744,1133
7.147811110966127,1134
6.419195472006732,1135
7.492720909072555,1136
7.477279550813303,1137
2.975568150114693,1138
7.004567613195458,1139
7.038947694333891,1140
8.153179796725492,1141
7.2247331143428974,1142
6.923939050004344,1143
5.929140552772613,1144
7.002359891144345,1145
7.154745316763898,1146
7.112781549557693,1147
8.115631260321397,1148
6.321440925216069,1149
7.572245981501301,1150
7.92212765432179,1151
7.631023226779152,1152
8.024692588988856,1153
7.8678325472816235,1154
7.497861330530593,1155
7.6303454478631645,1156
7.395137216412766,1157
7.691841409799056,1158
7.540071655449451,1159
6.6189348988816255,1160
7.097073784997662,1161
7.725434595661759,1162
7.279653992115958,1163
7.018213494182635,1164
7.454880840729207,1165
7.7920251451351055,1166
7.661019443702734,1167
7.813206803694764,1168
6.508679653491316,1169
7.682327160946351,1170
5.146160113995838,1171
8.04553755310966,1172
7.390276844964878,1173
7.917605591515829,1174
7.912683066527639,1175
5.968580426062949,1176
8.16157801077167,1177
7.96183850928938,1178
8.99018934922962,1179
7.12355015492398,1180
8.107290607964039,1181
6.093871467363445,1182
8.769701685524222,1183
7.713062706937277,1184
7.712285226226151,1185
6.0820671414714775,1186
6.99132264129426,1187
7.493201352671785,1188
6.976805001377637,1189
8.14324621945482,1190
6.666587964507468,1191
6.915591164889755,1192
6.754076122657726,1193
7.076247222907601,1194
7.714681093292801,1195
7.4907009795955455,1196
8.104752968527489,1197
6.859809508430554,1198
7.299693498078029,1199
7.301036413271066,1200
8.24060900651643,1201
8.229735180592272,1202
7.707361734525237,1203
6.508501767748817,1204
6.696865744352928,1205
8.325647403420732,1206
8.67112064981313,1207
6.905553970581553,1208
8.357173250455581,1209
6.935515829892407,1210
7.732836960933327,1211
6.343578387275806,1212
7.8774089460352625,1213
7.199830325848516,1214
8.293160666843402,1215
6.6833133568194905,1216
8.260920054152923,1217
7.427537080279733,1218
7.067329346832648,1219
6.532474861614605,1220
7.386815206674018,1221
7.917327263171569,1222
9.064893114184827,1223
7.768606139444182,1224
7.556659097027716,1225
7.332313708951834,1226
7.807199782909055,1227
7.211219722183739,1228
7.721580853186974,1229
5.912638929819249,1230
7.645092305771493,1231
7.818039369565189,1232
8.472243991893983,1233
5.392412459153353,1234
6.632518108154275,1235
7.80148806073507,1236
6.703719432573206,1237
7.54603376812065,1238
6.151549840383244,1239
7.13343155888909,1240
7.4791303289907995,1241
8.327669301761446,1242
7.073717831180354,1243
7.867939044925833,1244
7.758719200663658,1245
7.552261520115036,1246
7.856781709330051,1247
4.556383393766457,1248
6.380135867246927,1249
6.90196773840271,1250
7.61443844142076,1251
6.226972866700801,1252
8.620166991884226,1253
6.992113732771162,1254
7.550503397901644,1255
7.8525688377864755,1256
8.199323426759008,1257
7.022319482464158,1258
7.330448620862586,1259
7.646760758134609,1260
7.082911872664956,1261
7.962374132229708,1262
8.907989506961382,1263
8.388880221186184,1264
6.8511180709169635,1265
7.505005720084545,1266
7.167020193056868,1267
7.707532874120326,1268
7.732779021521963,1269
7.453844246205182,1270
7.397473046722303,1271
7.790563494245082,1272
7.150434518562297,1273
7.001838149514374,1274
7.476179792986684,1275
8.007590103361142,1276
6.379883000098665,1277
6.85076383436487,1278
7.9097262448067704,1279
1.225123251306366,1280
7.250770174978359,1281
7.722548289301765,1282
7.881834976128359,1283
7.444785614714646,1284
6.182135355658205,1285
7.951255779147314,1286
6.826832821089275,1287
6.3350935471196275,1288
7.176260759844113,1289
7.936274309718997,1290
6.310113417933432,1291
7.139636801806589,1292
7.354844083827039,1293
8.060232955375618,1294
7.657480890529363,1295
6.944920801342776,1296
6.528984414246829,1297
8.164148904879376,1298
7.322221546757592,1299
7.472053165626009,1300
9.351062010285741,1301
7.768699732236315,1302
7.721694291979376,1303
7.71274839525737,1304
7.549860656085097,1305
3.729299605113142,1306
7.690627829003076,1307
6.312240265845941,1308
8.871116020576249,1309
7.7458665510991045,1310
5.538113337854978,1311
7.1821946976124655,1312
7.295255647790738,1313
7.094587517846878,1314
6.958409383023761,1315
7.414569362057574,1316
7.324500273586245,1317
7.60083982490269,1318
6.691339134362109,1319
7.438711806870653,1320
6.441031508410783,1321
7.382814494613226,1322
7.6597936601539365,1323
7.0286373876336645,1324
7.9766225380814975,1325
8.100071246490597,1326
8.499479262251384,1327
6.8149837228711165,1328
7.3800799891902225,1329
6.42296006793691,1330
7.453724547085955,1331
7.025595448329626,1332
7.761263153474105,1333
7.664345874566124,1334
8.210685018169553,1335
7.754465410491874,1336
6.793759784323924,1337
7.480159387475244,1338
7.012419267383165,1339
8.226346471475257,1340
7.2664960483588965,1341
8.807776955552963,1342
6.138837598290466,1343
7.410506869780067,1344
6.7710319151306715,1345
7.1171819903419165,1346
6.856991022778678,1347
8.323648045887293,1348
7.6081058924935645,1349
7.480729441799348,1350
6.9589835034388114,1351
7.594967283096293,1352
7.498927544065119,1353
7.623187192170026,1354
7.394352636105936,1355
8.397508172226313,1356
7.509081878781083,1357
7.211251193510543,1358
7.393866757443493,1359
6.571075323430111,1360
7.222532789118314,1361
7.217316557368691,1362
7.256257496183761,1363
7.689430481994699,1364
6.868998348159834,1365
7.391334751007597,1366
4.94663496394361,1367
7.841029212770413,1368
8.123582794493583,1369
7.986663946984964,1370
7.329310523186218,1371
6.893493480107604,1372
7.098184037550642,1373
7.950926717726021,1374
7.174954856897721,1375
7.3242300654390595,1376
6.810583165907432,1377
5.790820037010406,1378
6.716217131829798,1379
7.083890893745628,1380
6.934488906971075,1381
7.938865987532373,1382
7.496676804536819,1383
7.36931575125556,1384
7.073958135807167,1385
7.421652185238284,1386
7.4930446492561495,1387
7.32677438071807,1388
8.241241724557323,1389
8.059715636214548,1390
6.376566729967972,1391
7.6096337340745075,1392
6.518196290475754,1393
7.2051353898495245,1394
7.604502467630369,1395
7.6355745287091255,1396
7.920189875608908,1397
8.619047928807031,1398
7.87068824284466,1399
7.424776448387925,1400
7.261319186206898,1401
7.597845936845682,1402
7.604697428509271,1403
7.269128817848279,1404
7.75208101882533,1405
7.018863359068498,1406
5.764815399402665,1407
7.080191963694467,1408
7.1715764219111415,1409
8.12278681614826,1410
7.580175016447337,1411
7.085945624421128,1412
7.9841700917971865,1413
6.998995364403444,1414
7.306250552062395,1415
8.046820178678548,1416
7.644619775570598,1417
6.410557269093437,1418
1.8477640916012499,1419
7.924760014593072,1420
6.434716479456944,1421
7.769928481803539,1422
7.345185930705855,1423
6.401882830792764,1424
7.426088612179114,1425
7.821964084249564,1426
7.370902375034382,1427
7.402066496616727,1428
7.071118088695717,1429
7.6385542157024355,1430
7.776260876910054,1431
6.525174297925713,1432
6.598315265974056,1433
6.533691467794575,1434
6.57416440478089,1435
7.384013732109749,1436
7.195132238820951,1437
6.818467043252448,1438
8.062784532828779,1439
7.37644197448079,1440
7.527527621530706,1441
7.376434311543503,1442
7.428278287080375,1443
8.158725616373047,1444
7.4906764962049985,1445
7.702935783808559,1446
6.971042101263147,1447
7.547275072141638,1448
7.730935312212627,1449
6.976292807326135,1450
6.872744878017339,1451
6.919991596068736,1452
6.613448101369493,1453
7.4173702666237125,1454
7.903610756249075,1455
6.587235326842012,1456
7.119246798931912,1457
7.9947463096289715,1458
7.324670644880427,1459
6.921146990510368,1460
6.881076373262267,1461
7.860962212895449,1462
7.471362252402666,1463
5.912904207079628,1464
7.94023340689423,1465
6.304613761272129,1466
7.960768852535099,1467
6.48387269385723,1468
7.477549506689631,1469
6.620633916134003,1470
7.990602421056628,1471
8.560498289833227,1472
7.341721026284476,1473
7.845565816348489,1474
6.903319944636727,1475
3.8813241986888434,1476
8.494124244357025,1477
5.987068090784603,1478
7.8950253634453675,1479
7.4845689464072125,1480
7.744876605852666,1481
6.281029039251719,1482
7.71956215732025,1483
6.832244068222246,1484
4.5399671775400625,1485
7.075249271580399,1486
7.813612012231469,1487
8.718454764039947,1488
7.148819814411188,1489
7.98043018691867,1490
7.52722138492162,1491
7.459558697848531,1492
7.300197867269284,1493
8.216029693721225,1494
7.153294657848449,1495
6.866930706959113,1496
7.94114231549326,1497
7.734665120497316,1498
6.322182044232306,1499
7.1829276159532816,1500
6.557544450614,1501
7.5889810570825444,1502
7.635070384916777,1503
7.718867783505094,1504
7.5383506935547535,1505
7.627686489645012,1506
7.728747727195784,1507
7.132748082171738,1508
7.395528432031045,1509
7.714409129628101,1510
6.123358533783722,1511
7.249962457102748,1512
6.447325201961276,1513
8.106046424076627,1514
6.955976133247945,1515
7.055425951475384,1516
7.527434539460919,1517
7.149819635725623,1518
5.045036638981938,1519
8.36211696192041,1520
7.19927134589041,1521
7.982088962834918,1522
7.252656163818936,1523
7.437960536317534,1524
8.81426905828247,1525
7.385077443927725,1526
8.110756491662517,1527
8.01438545219617,1528
6.981084685016094,1529
7.532602183918535,1530
6.7811033248383135,1531
6.968462521045244,1532
7.139260278344737,1533
4.8154476316700245,1534
7.365828160659871,1535
8.045382444586842,1536
7.941089135028386,1537
7.292725541544429,1538
7.558770759628419,1539
9.22596388045541,1540
6.8184106096427195,1541
6.548999159912108,1542
6.145455677742411,1543
6.953707706459661,1544
8.113371284231711,1545
7.176985846856078,1546
7.677418907088481,1547
9.13728921763639,1548
6.247834035694468,1549
6.489634629611129,1550
8.190718871352523,1551
7.159549146845088,1552
7.774145111933486,1553
8.935577694477733,1554
7.166288646028218,1555
7.186684834279693,1556
7.288042580718151,1557
7.355090560340025,1558
8.03418319614681,1559
8.070712945078785,1560
6.021394159575615,1561
6.568056390734582,1562
6.973348859938761,1563
6.239111289755219,1564
8.048680274822242,1565
6.678537218834575,1566
6.673713130646807,1567
5.740257068250293,1568
7.46071368734819,1569
7.1758034437568865,1570
6.8839539318268885,1571
6.99820586948536,1572
7.47188498813694,1573
6.715418219851705,1574
7.263390314028851,1575
6.82606481657417,1576
7.1375926583719425,1577
7.512059030506843,1578
7.305687200033172,1579
8.13892156168479,1580
8.397691047135062,1581
6.877549736211967,1582
6.042195590574134,1583
6.946384135544796,1584
7.07907043589126,1585
7.259864187168307,1586
6.673890841896244,1587
7.50073821839752,1588
8.586403562933704,1589
7.372030599525121,1590
7.09604691668718,1591
7.403205995274248,1592
6.586133573113586,1593
8.0859347808243,1594
6.857716031194571,1595
7.711135440235489,1596
7.949470694178058,1597
7.031829008867143,1598
6.9209460499768864,1599
7.223016671733309,1600
7.1612825488003375,1601
7.142075729512277,1602
8.037097701324974,1603
8.145363698970868,1604
4.631476988173174,1605
7.904638961220372,1606
6.839735645762464,1607
5.4585413630475506,1608
7.345119230724369,1609
7.711878575014675,1610
7.872379672504718,1611
7.6121930127235045,1612
8.044111895482366,1613
7.403883388213829,1614
5.840793281318949,1615
7.547576888246316,1616
7.4562476584331625,1617
7.713716474500768,1618
7.701891443234506,1619
7.722489556473165,1620
6.827362146733466,1621
7.764415170304916,1622
6.347572419448105,1623
7.73196330787757,1624
6.670720455973261,1625
7.696838916574792,1626
6.757531890203926,1627
7.192628832394852,1628
7.312918501643851,1629
7.905871527553473,1630
7.786232844942295,1631
8.787512293719448,1632
8.161873888753231,1633
8.160034969046073,1634
7.893141301069483,1635
7.722750560426502,1636
6.802852412111924,1637
7.871874908485373,1638
5.859406264857232,1639
7.248078301317052,1640
6.447350616527545,1641
7.146895786717374,1642
7.067972563786882,1643
6.405469894081301,1644
6.43660933688077,1645
7.653602114849895,1646
8.16801725421984,1647
7.881986187446089,1648
6.735919990745125,1649
7.466086773808953,1650
7.815299729884647,1651
4.953368296624423,1652
6.462473962863149,1653
6.141753287906583,1654
7.3023880644864585,1655
7.730585793740528,1656
7.450342100383364,1657
7.454004586652668,1658
7.231933577971984,1659
7.377015559593965,1660
7.318653848022355,1661
6.988185616015751,1662
8.174240667491738,1663
7.667052597508424,1664
8.822550261494172,1665
7.846119365787826,1666
7.737197611017765,1667
7.1914178883384094,1668
7.91192208076438,1669
6.863937339354142,1670
6.581734273980941,1671
7.003393695608124,1672
6.88917980731217,1673
6.432872460330567,1674
5.115899447935365,1675
7.6434714106629,1676
7.5389515898312895,1677
8.241465278523382,1678
6.821001342768095,1679
6.989877847697941,1680
6.842791760195991,1681
7.7483900647798825,1682
7.509232718453796,1683
7.340815222603374,1684
6.629376274568744,1685
7.766344522282313,1686
8.355603604133243,1687
7.8730380644342945,1688
7.84599065160858,1689
8.265299090716525,1690
7.482475575528361,1691
8.696321188467088,1692
7.383596518877659,1693
7.690415764673777,1694
7.8884330645288605,1695
6.677340765574054,1696
7.040692991086263,1697
7.1288116328968565,1698
7.41210062785395,1699
7.029389109438392,1700
8.158637103163116,1701
8.219985086503986,1702
7.878747963025995,1703
8.207046604243846,1704
7.951827513472147,1705
8.138747982503588,1706
7.749107884002762,1707
7.21438263549861,1708
6.392623062570505,1709
7.475863493470052,1710
7.416272784576214,1711
8.003361163279656,1712
7.757652585572285,1713
7.577086114161948,1714
7.485781376983495,1715
7.479744759393513,1716
7.213726686299078,1717
8.132793393691863,1718
7.297153861664198,1719
7.266047715056247,1720
7.240801346011266,1721
7.495382986494506,1722
7.017491524260936,1723
7.354946601688552,1724
8.418637940511335,1725
7.732536762204002,1726
6.635646390598196,1727
6.535792950582917,1728
7.79520537614492,1729
7.2969025325900345,1730
7.383287063853648,1731
7.816995689408816,1732
6.41261084247916,1733
8.270894356205815,1734
5.223990266052966,1735
7.205250732774885,1736
8.696311980155144,1737
6.731887266629115,1738
8.045649182110598,1739
6.675834827710463,1740
7.7872010806851035,1741
7.157052591315652,1742
7.821404517429003,1743
7.4441095719863215,1744
7.839961013585666,1745
6.439062330825027,1746
6.901132104684199,1747
7.25019060239991,1748
8.259949392845286,1749
7.473903558476523,1750
6.910330735763201,1751
7.392830366268245,1752
6.630307632056657,1753
7.884247399382931,1754
7.077210989237861,1755
5.612224254801094,1756
7.472459123052828,1757
7.6542633219271154,1758
7.262927358325338,1759
6.987307538368136,1760
6.365794346650087,1761
7.2362748747523495,1762
7.573025065217254,1763
7.268220768602569,1764
5.940695391350917,1765
7.738666498789555,1766
7.752626861269724,1767
7.625781922821946,1768
7.132795140521568,1769
7.633645027451176,1770
7.120867992388473,1771
7.32348905086221,1772
6.946518412228063,1773
7.543066657205704,1774
6.817659777639771,1775
8.975705179016757,1776
8.077984834879096,1777
7.780747905090494,1778
7.156872090256962,1779
7.611423292444646,1780
5.960083860451136,1781
7.635204885794548,1782
7.483720274530024,1783
8.071456753918849,1784
5.847485576961554,1785
6.434942109297249,1786
6.211726623443531,1787
7.577668892043923,1788
7.634726516696323,1789
8.49866461603045,1790
7.88899193038048,1791
7.3959479553105885,1792
7.469636141942771,1793
7.8931349949182215,1794
5.861342401031538,1795
6.6410406890131535,1796
7.4428035800278165,1797
6.708510580381463,1798
6.697179266848576,1799
6.833886507140936,1800
6.521378419179597,1801
8.558847955361081,1802
7.340084973117073,1803
7.139550363386642,1804
7.745871238408504,1805
7.922842548356631,1806
9.891836438409463,1807
6.592871129785956,1808
7.584323278500086,1809
6.2759219079289315,1810
7.317862131053141,1811
8.101720665067567,1812
7.643162668039676,1813
4.582417676159342,1814
7.65329804537476,1815
7.206372780409969,1816
5.371266366532368,1817
7.535058618956113,1818
6.871472054319081,1819
6.45026927905841,1820
7.2621327526806345,1821
8.528593331835342,1822
7.186606073451556,1823
7.447054021044008,1824
7.298590656314375,1825
7.227237676966953,1826
7.402705055868684,1827
6.964866324545334,1828
6.832008666382108,1829
7.334499995728543,1830
7.72215628453985,1831
8.27079600179771,1832
6.616973763457261,1833
7.786471395719821,1834
7.921114965837831,1835
7.90003827623524,1836
7.900170440273729,1837
7.112124679972797,1838
7.410767496217342,1839
7.76717183674818,1840
6.935514356189075,1841
7.514351780548089,1842
8.104598107261062,1843
6.956846507279265,1844
7.21676274914561,1845
7.466176205082664,1846
7.4314752006146465,1847
7.260569472385995,1848
6.866900932478866,1849
7.071614729932105,1850
7.0804352081771595,1851
7.649481227847573,1852
7.357509124993958,1853
6.394619337398283,1854
7.584564482953994,1855
7.285121986625904,1856
7.9409617342796155,1857
8.86777816364284,1858
8.459315041020584,1859
6.695901181631002,1860
7.571257932438935,1861
6.372421257002185,1862
7.393109179117231,1863
6.830570830589614,1864
6.904207156880738,1865
7.547999062479792,1866
7.869890750079191,1867
5.708789633377328,1868
7.717568863683208,1869
5.825553085694399,1870
7.381392365464527,1871
7.134964874131428,1872
6.949617584614889,1873
6.330913530819761,1874
7.871124822544897,1875
6.2788374668809945,1876
7.6013197805109085,1877
6.859580981542325,1878
7.985561921147673,1879
7.939709880167663,1880
7.632672598116714,1881
7.197084483249459,1882
8.11689570864122,1883
7.119575262848595,1884
7.342533820464205,1885
7.344241559171368,1886
8.156915961751736,1887
6.741427165605361,1888
8.127245423664068,1889
7.153974904471956,1890
7.324656451397991,1891
6.78799485293444,1892
7.594238604556252,1893
7.277802058488898,1894
7.602262660698519,1895
8.255891456692083,1896
7.324143127667759,1897
5.820382633317485,1898
8.270141985159476,1899
6.569046305229574,1900
5.573848403715803,1901
7.165309769841598,1902
6.698086801500657,1903
7.198838042042728,1904
7.752852828476924,1905
6.509015794672153,1906
6.492557731610604,1907
8.725777449320198,1908
7.650954127839165,1909
8.762414907083855,1910
7.2939249791193435,1911
7.942001358286169,1912
7.454777652851814,1913
6.451127353283247,1914
8.384985980544638,1915
7.536040475429016,1916
7.150783552390419,1917
7.564323407262203,1918
7.218952416380335,1919
5.407773781201702,1920
8.044320349330341,1921
7.152856337793321,1922
7.434094161350353,1923
7.5378106273790815,1924
6.264905027386564,1925
7.161087572685417,1926
6.755870349685185,1927
6.795975794962662,1928
7.194332603320489,1929
6.977153798691968,1930
8.200292108796788,1931
7.18728895462221,1932
7.018056028349002,1933
7.666420794123408,1934
7.600233679469185,1935
7.782260892213855,1936
4.795148243167504,1937
7.771472928575435,1938
8.881321103980973,1939
8.268771525943102,1940
7.824694489710944,1941
7.872573634307812,1942
7.945109539858163,1943
6.222063830432261,1944
7.558524310254973,1945
8.40936537207509,1946
5.503822616791305,1947
7.871231202799655,1948
7.354962269111083,1949
6.9339691936840255,1950
7.260042593021258,1951
7.246399424707932,1952
7.104820748853393,1953
8.76665430566565,1954
6.9670574000471435,1955
7.2985669888682745,1956
6.78981452696383,1957
6.711455881945308,1958
7.715793989820711,1959
6.981438904712378,1960
6.315972804647601,1961
7.098218068309081,1962
7.420701632801451,1963
7.419896716901504,1964
8.001649011110342,1965
7.478204058196707,1966
6.4550604877150475,1967
7.8022810698397,1968
7.769629964116846,1969
6.667649888872037,1970
7.5315996082816,1971
6.284395694565078,1972
7.101749010334985,1973
7.500622243969565,1974
7.878480564965698,1975
6.4299424696804595,1976
6.618365919372956,1977
7.831473463765108,1978
5.9524307313847915,1979
7.737391293486275,1980
7.223842648596771,1981
7.695544368456502,1982
7.487419351896588,1983
7.3964852461128965,1984
6.739887727152344,1985
6.9894512805030535,1986
7.7693961570157315,1987
8.119687745242949,1988
7.295094868730403,1989
8.134470138348306,1990
6.952084917385439,1991
8.178179525545271,1992
8.087784605192518,1993
4.172866844783502,1994
8.279283607268614,1995
5.798198780556606,1996
7.364919897200374,1997
7.940799188670664,1998
7.44315439126999,1999
5.794116414978947,2000
